setup_id,setup_date,stock_ticker,day_number,trading_date,stock_price,benchmark_price,stock_return_day,benchmark_return_day,outperformance_day,stock_return_cumulative,benchmark_return_cumulative,outperformance_cumulative,is_outperforming_day,benchmark_ticker,calculation_date
MSLH_2024-11-06,2024-11-06,MSLH.L,1,2024-11-07,325.43643,738.23,0.0,-0.10960132,0.10960132,0.0,-0.10960132,0.10960132,true,^FTAI,2025-06-25 20:45:38.033
MSLH_2024-11-06,2024-11-06,MSLH.L,2,2024-11-08,321.9371,734.36,-1.0752726,-0.52422625,-0.5510463,-1.0752726,-0.633253,-0.44201958,false,^FTAI,2025-06-25 20:45:38.035
MSLH_2024-11-06,2024-11-06,MSLH.L,3,2024-11-11,338.93378,737.93,5.2795014,0.48613858,4.7933626,4.1474595,-0.15019287,4.2976527,true,^FTAI,2025-06-25 20:45:38.036
MSLH_2024-11-06,2024-11-06,MSLH.L,4,2024-11-12,329.43564,730.86,-2.8023582,-0.95808643,-1.8442718,1.2288749,-1.1068404,2.3357153,false,^FTAI,2025-06-25 20:45:38.038
MSLH_2024-11-06,2024-11-06,MSLH.L,5,2024-11-13,322.437,729.29,-2.1244292,-0.21481644,-1.9096127,-0.92166084,-1.3192791,0.39761826,false,^FTAI,2025-06-25 20:45:38.04
MSLH_2024-11-06,2024-11-06,MSLH.L,6,2024-11-14,322.93692,729.38,0.15504065,0.012344453,0.1426962,-0.7680491,-1.3070976,0.5390484,true,^FTAI,2025-06-25 20:45:38.041
MSLH_2024-11-06,2024-11-06,MSLH.L,7,2024-11-15,334.93457,727.14,3.7151682,-0.30710882,4.0222774,2.9185848,-1.6101921,4.528777,true,^FTAI,2025-06-25 20:45:38.043
MSLH_2024-11-06,2024-11-06,MSLH.L,8,2024-11-18,324.4366,727.55,-3.1343303,0.056381594,-3.1907117,-0.3072234,-1.5547184,1.2474949,false,^FTAI,2025-06-25 20:45:38.044
MSLH_2024-11-06,2024-11-06,MSLH.L,9,2024-11-19,335.93436,724.23,3.54391,-0.45632705,4.000237,3.2257988,-2.0039508,5.2297497,true,^FTAI,2025-06-25 20:45:38.046
MSLH_2024-11-06,2024-11-06,MSLH.L,10,2024-11-20,317.438,722.34,-5.505947,-0.26096043,-5.244987,-2.4577591,-2.2596817,-0.19807743,false,^FTAI,2025-06-25 20:45:38.047
BLND_2024-10-28,2024-10-28,BLND.L,1,2024-10-29,415.35745,715.79,-0.478929,-0.7363747,0.25744566,-0.478929,-0.7363747,0.25744566,true,^FTAI,2025-06-25 20:46:41.378
BLND_2024-10-28,2024-10-28,BLND.L,2,2024-10-30,413.3586,744.52,-0.48123378,4.013753,-4.4949865,-0.957858,3.247822,-4.20568,false,^FTAI,2025-06-25 20:46:41.381
BLND_2024-10-28,2024-10-28,BLND.L,3,2024-10-31,398.36737,737.1,-3.6266913,-0.99662113,-2.6300702,-4.549811,2.2188325,-6.7686434,false,^FTAI,2025-06-25 20:46:41.383
BLND_2024-10-28,2024-10-28,BLND.L,4,2024-11-01,396.5684,739.0,-0.45158836,0.25777024,-0.70935863,-4.980853,2.4823222,-7.463175,false,^FTAI,2025-06-25 20:46:41.385
BLND_2024-10-28,2024-10-28,BLND.L,5,2024-11-04,396.76828,735.37,0.05040496,-0.49120498,0.54160994,-4.9329586,1.9789239,-6.9118824,true,^FTAI,2025-06-25 20:46:41.387
BLND_2024-10-28,2024-10-28,BLND.L,6,2024-11-05,396.36853,736.29,-0.10075144,0.12510477,-0.2258562,-5.02874,2.1065044,-7.1352444,false,^FTAI,2025-06-25 20:46:41.389
BLND_2024-10-28,2024-10-28,BLND.L,7,2024-11-06,382.97638,739.04,-3.378712,0.37349415,-3.752206,-8.237545,2.4878662,-10.725411,false,^FTAI,2025-06-25 20:46:41.391
BLND_2024-10-28,2024-10-28,BLND.L,8,2024-11-07,385.57483,738.23,0.67848825,-0.10960132,0.7880896,-7.614948,2.375538,-9.990486,true,^FTAI,2025-06-25 20:46:41.393
BLND_2024-10-28,2024-10-28,BLND.L,9,2024-11-08,386.3744,734.36,0.20736845,-0.52422625,0.7315947,-7.4233704,1.8388587,-9.262229,true,^FTAI,2025-06-25 20:46:41.395
BLND_2024-10-28,2024-10-28,BLND.L,10,2024-11-11,385.77472,737.93,-0.15520449,0.48613858,-0.6413431,-7.5670533,2.3339367,-9.9009905,false,^FTAI,2025-06-25 20:46:41.397
SSPG_2025-03-14,2025-03-14,SSPG.L,1,2025-03-17,158.98694,688.96,0.6966466,0.17739724,0.5192493,0.6966466,0.17739724,0.5192493,true,^FTAI,2025-06-25 20:49:41.324
SSPG_2025-03-14,2025-03-14,SSPG.L,2,2025-03-18,157.48706,694.28,-0.9433969,0.77217937,-1.7155763,-0.2533225,0.95094645,-1.2042689,false,^FTAI,2025-06-25 20:49:41.328
SSPG_2025-03-14,2025-03-14,SSPG.L,3,2025-03-19,159.68687,694.62,1.396822,0.048966672,1.3478553,1.139961,1.0003787,0.1395822,true,^FTAI,2025-06-25 20:49:41.329
SSPG_2025-03-14,2025-03-14,SSPG.L,4,2025-03-20,154.7873,695.84,-3.0682433,0.17564017,-3.2438836,-1.9632591,1.177776,-3.141035,false,^FTAI,2025-06-25 20:49:41.331
SSPG_2025-03-14,2025-03-14,SSPG.L,5,2025-03-21,150.38763,689.12,-2.8423898,-0.9657438,-1.876646,-4.7498455,0.20065793,-4.9505033,false,^FTAI,2025-06-25 20:49:41.333
SSPG_2025-03-14,2025-03-14,SSPG.L,6,2025-03-24,151.48756,689.12,0.73139644,0.0,0.73139644,-4.0531893,0.20065793,-4.253847,true,^FTAI,2025-06-25 20:49:41.334
SSPG_2025-03-14,2025-03-14,SSPG.L,7,2025-03-25,155.7872,693.44,2.838277,0.62688756,2.2113895,-1.3299528,0.82880336,-2.1587563,true,^FTAI,2025-06-25 20:49:41.336
SSPG_2025-03-14,2025-03-14,SSPG.L,8,2025-03-26,155.48723,693.81,-0.19255275,0.053356472,-0.24590921,-1.5199448,0.88260204,-2.402547,false,^FTAI,2025-06-25 20:49:41.337
SSPG_2025-03-14,2025-03-14,SSPG.L,9,2025-03-27,155.7872,696.76,0.19292423,0.4251902,-0.23226598,-1.3299528,1.311545,-2.6414979,false,^FTAI,2025-06-25 20:49:41.339
SSPG_2025-03-14,2025-03-14,SSPG.L,10,2025-03-28,153.28741,696.62,-1.604616,-0.020095104,-1.5845209,-2.9132283,1.2911863,-4.2044144,false,^FTAI,2025-06-25 20:49:41.34
MSLH_2024-07-11,2024-07-11,MSLH.L,1,2024-07-12,351.4057,786.17,1.443001,0.59370124,0.8492998,1.443001,0.59370124,0.8492998,true,^FTAI,2025-06-25 20:50:39.043
MSLH_2024-07-11,2024-07-11,MSLH.L,2,2024-07-15,352.9053,785.48,0.42674416,-0.087767586,0.51451176,1.8759031,0.5054126,1.3704906,true,^FTAI,2025-06-25 20:50:39.047
MSLH_2024-07-11,2024-07-11,MSLH.L,3,2024-07-16,357.90396,786.98,1.4164302,0.19096604,1.2254641,3.3189042,0.69734377,2.6215603,true,^FTAI,2025-06-25 20:50:39.048
MSLH_2024-07-11,2024-07-11,MSLH.L,4,2024-07-17,346.40704,786.8,-3.2122912,-0.022871315,-3.18942,0.0,0.674313,-0.674313,false,^FTAI,2025-06-25 20:50:39.05
MSLH_2024-07-11,2024-07-11,MSLH.L,5,2024-07-18,349.9061,787.67,1.0100989,0.11057386,0.8995251,1.0100989,0.7856325,0.2244665,true,^FTAI,2025-06-25 20:50:39.051
MSLH_2024-07-11,2024-07-11,MSLH.L,6,2024-07-19,347.90665,784.13,-0.57142496,-0.449424,-0.122000925,0.43290207,0.33267763,0.10022444,false,^FTAI,2025-06-25 20:50:39.053
MSLH_2024-07-11,2024-07-11,MSLH.L,7,2024-07-22,348.90637,783.24,0.28735447,-0.113503456,0.40085793,0.7215005,0.21879658,0.50270396,true,^FTAI,2025-06-25 20:50:39.054
MSLH_2024-07-11,2024-07-11,MSLH.L,8,2024-07-23,346.40704,780.17,-0.7163322,-0.39196253,-0.32436964,0.0,-0.17402355,0.17402355,false,^FTAI,2025-06-25 20:50:39.056
MSLH_2024-07-11,2024-07-11,MSLH.L,9,2024-07-24,336.40973,776.64,-2.886002,-0.45246142,-2.4335406,-2.886002,-0.6256976,-2.2603045,false,^FTAI,2025-06-25 20:50:39.057
MSLH_2024-07-11,2024-07-11,MSLH.L,10,2024-07-25,336.40973,773.03,0.0,-0.46482092,0.46482092,-2.886002,-1.0876101,-1.7983919,true,^FTAI,2025-06-25 20:50:39.059
LGEN_2025-05-29,2025-05-29,LGEN.L,1,2025-05-30,248.7,746.68,0.7698516,0.24702832,0.52282333,0.7698516,0.24702832,0.52282333,true,^FTAI,2025-06-25 23:42:01.019
LGEN_2025-05-29,2025-05-29,LGEN.L,2,2025-06-02,254.1,748.13,2.1712945,0.1941946,1.9770998,2.957862,0.44170263,2.5161593,true,^FTAI,2025-06-25 23:42:01.023
LGEN_2025-05-29,2025-05-29,LGEN.L,3,2025-06-03,253.7,753.51,-0.15742193,0.719127,-0.87654895,2.7957835,1.164006,1.6317775,false,^FTAI,2025-06-25 23:42:01.025
LGEN_2025-05-29,2025-05-29,LGEN.L,4,2025-06-04,254.6,754.35,0.35475332,0.11147375,0.24327958,3.160455,1.2767774,1.8836776,true,^FTAI,2025-06-25 23:42:01.026
LGEN_2025-05-29,2025-05-29,LGEN.L,5,2025-06-05,257.9,754.46,1.296146,0.0145882405,1.2815578,4.4975653,1.2915518,3.2060132,true,^FTAI,2025-06-25 23:42:01.028
LGEN_2025-05-29,2025-05-29,LGEN.L,6,2025-06-06,256.1,756.88,-0.69794023,0.32075694,-1.0186971,3.7682345,1.6164515,2.151783,false,^FTAI,2025-06-25 23:42:01.03
LGEN_2025-05-29,2025-05-29,LGEN.L,7,2025-06-09,257.3,763.89,0.4685598,0.9261719,-0.45761207,4.254451,2.5575945,1.6968563,false,^FTAI,2025-06-25 23:42:01.031
LGEN_2025-05-29,2025-05-29,LGEN.L,8,2025-06-10,257.6,766.32,0.11660253,0.31810766,-0.20150512,4.376014,2.8838382,1.492176,false,^FTAI,2025-06-25 23:42:01.033
LGEN_2025-05-29,2025-05-29,LGEN.L,9,2025-06-11,255.7,768.83,-0.7375812,0.32754067,-1.0651219,3.6061563,3.2208245,0.38533178,false,^FTAI,2025-06-25 23:42:01.034
LGEN_2025-05-29,2025-05-29,LGEN.L,10,2025-06-12,253.3,765.88,-0.93859756,-0.38370147,-0.55489606,2.6337116,2.8247647,-0.19105321,false,^FTAI,2025-06-25 23:42:01.036
KZG_2024-10-16,2024-10-16,KZG.L,1,2024-10-17,1.21,742.39,7.555559,0.40031132,7.1552477,7.555559,0.40031132,7.1552477,true,^FTAI,2025-06-26 01:59:11.947
KZG_2024-10-16,2024-10-16,KZG.L,2,2024-10-18,1.175,740.69,-2.892569,-0.22899179,-2.663577,4.4444404,0.17040285,4.2740374,false,^FTAI,2025-06-26 01:59:11.951
KZG_2024-10-16,2024-10-16,KZG.L,3,2024-10-21,1.2,734.95,2.1276677,-0.77495176,2.9026196,6.666671,-0.6058695,7.2725406,true,^FTAI,2025-06-26 01:59:11.952
KZG_2024-10-16,2024-10-16,KZG.L,4,2024-10-22,1.3,734.16,8.333325,-0.10749562,8.440821,15.555552,-0.7127138,16.268265,true,^FTAI,2025-06-26 01:59:11.954
KZG_2024-10-16,2024-10-16,KZG.L,5,2024-10-23,1.25,729.13,-3.8461504,-0.68513244,-3.161018,11.111111,-1.3929632,12.504074,false,^FTAI,2025-06-26 01:59:11.955
KZG_2024-10-16,2024-10-16,KZG.L,6,2024-10-24,1.2,725.69,-3.9999962,-0.4717955,-3.5282006,6.666671,-1.8581867,8.5248575,false,^FTAI,2025-06-26 01:59:11.957
KZG_2024-10-16,2024-10-16,KZG.L,7,2024-10-25,1.175,722.67,-2.0833411,-0.41615835,-1.6671828,4.4444404,-2.266612,6.7110524,false,^FTAI,2025-06-26 01:59:11.958
KZG_2024-10-16,2024-10-16,KZG.L,8,2024-10-28,1.1,721.1,-6.3829727,-0.21725094,-6.165722,-2.2222202,-2.4789388,0.25671872,false,^FTAI,2025-06-26 01:59:11.96
KZG_2024-10-16,2024-10-16,KZG.L,9,2024-10-29,1.1,715.79,0.0,-0.7363747,0.7363747,-2.2222202,-3.1970592,0.9748391,true,^FTAI,2025-06-26 01:59:11.961
KZG_2024-10-16,2024-10-16,KZG.L,10,2024-10-30,1.075,744.52,-2.272725,4.013753,-6.286478,-4.4444404,0.6883717,-5.132812,false,^FTAI,2025-06-26 01:59:11.963
KZG_2024-11-08,2024-11-08,KZG.L,1,2024-11-11,1.24,737.93,10.222223,0.48613858,9.736085,10.222223,0.48613858,9.736085,true,^FTAI,2025-06-26 02:00:10.772
KZG_2024-11-08,2024-11-08,KZG.L,2,2024-11-12,1.25,730.86,0.80645084,-0.95808643,1.7645373,11.111111,-0.47660547,11.587717,true,^FTAI,2025-06-26 02:00:10.777
KZG_2024-11-08,2024-11-08,KZG.L,3,2024-11-13,1.175,729.29,-6.000004,-0.21481644,-5.7851872,4.4444404,-0.6903981,5.134838,false,^FTAI,2025-06-26 02:00:10.779
KZG_2024-11-08,2024-11-08,KZG.L,4,2024-11-14,1.1,729.38,-6.3829727,0.012344453,-6.3953176,-2.2222202,-0.67813885,-1.5440812,false,^FTAI,2025-06-26 02:00:10.78
KZG_2024-11-08,2024-11-08,KZG.L,5,2024-11-15,1.2,727.14,9.090911,-0.30710882,9.39802,6.666671,-0.983165,7.649836,true,^FTAI,2025-06-26 02:00:10.782
KZG_2024-11-08,2024-11-08,KZG.L,6,2024-11-18,1.125,727.55,-6.250004,0.056381594,-6.3063855,0.0,-0.92733777,0.92733777,false,^FTAI,2025-06-26 02:00:10.783
KZG_2024-11-08,2024-11-08,KZG.L,7,2024-11-19,1.125,724.23,0.0,-0.45632705,0.45632705,0.0,-1.3794332,1.3794332,true,^FTAI,2025-06-26 02:00:10.785
KZG_2024-11-08,2024-11-08,KZG.L,8,2024-11-20,1.225,722.34,8.888891,-0.26096043,9.149852,8.888891,-1.6367937,10.525684,true,^FTAI,2025-06-26 02:00:10.786
KZG_2024-11-08,2024-11-08,KZG.L,9,2024-11-21,1.2,725.82,-2.0408144,0.48176485,-2.5225792,6.666671,-1.1629144,7.829585,false,^FTAI,2025-06-26 02:00:10.788
KZG_2024-11-08,2024-11-08,KZG.L,10,2024-11-22,1.2,732.2,0.0,0.8790065,-0.8790065,6.666671,-0.29413003,6.960801,false,^FTAI,2025-06-26 02:00:10.789
KZG_2025-05-07,2025-05-07,KZG.L,1,2025-05-08,1.9,720.42,-2.5641062,1.0038377,-3.5679438,-2.5641062,1.0038377,-3.5679438,false,^FTAI,2025-06-26 02:01:09.934
KZG_2025-05-07,2025-05-07,KZG.L,2,2025-05-09,2.16,726.91,13.6842165,0.90086204,12.783355,10.769233,1.913743,8.85549,true,^FTAI,2025-06-26 02:01:09.939
KZG_2025-05-07,2025-05-07,KZG.L,3,2025-05-12,2.15,729.3,-0.4629625,0.32879102,-0.79175353,10.2564125,2.2488263,8.0075865,false,^FTAI,2025-06-26 02:01:09.941
KZG_2025-05-07,2025-05-07,KZG.L,4,2025-05-13,2.05,731.09,-4.6511693,0.24544619,-4.8966155,5.1282,2.499792,2.628408,false,^FTAI,2025-06-26 02:01:09.942
KZG_2025-05-07,2025-05-07,KZG.L,5,2025-05-14,2.05,731.62,0.0,0.07249015,-0.07249015,5.1282,2.5740943,2.5541058,false,^FTAI,2025-06-26 02:01:09.944
KZG_2025-05-07,2025-05-07,KZG.L,6,2025-05-15,2.05,731.85,0.0,0.031434417,-0.031434417,5.1282,2.6063378,2.5218623,false,^FTAI,2025-06-26 02:01:09.946
KZG_2025-05-07,2025-05-07,KZG.L,7,2025-05-16,2.05,734.73,0.0,0.39352393,-0.39352393,5.1282,3.0101185,2.1180818,false,^FTAI,2025-06-26 02:01:09.948
KZG_2025-05-07,2025-05-07,KZG.L,8,2025-05-19,1.8,733.56,-12.195122,-0.15923984,-12.035882,-7.6923122,2.8460853,-10.538398,false,^FTAI,2025-06-26 02:01:09.95
KZG_2025-05-07,2025-05-07,KZG.L,9,2025-05-20,1.725,737.58,-4.1666627,0.5480151,-4.714678,-11.538463,3.4096973,-14.94816,false,^FTAI,2025-06-26 02:01:09.951
KZG_2025-05-07,2025-05-07,KZG.L,10,2025-05-21,1.7,737.2,-1.449274,-0.051520497,-1.3977535,-12.820513,3.35642,-16.176933,false,^FTAI,2025-06-26 02:01:09.953
LGEN_2024-06-24,2024-06-24,LGEN.L,1,2024-06-25,229.00029,768.03,-0.52083546,-0.4961983,-0.024637183,-0.52083546,-0.4961983,-0.024637183,false,^FTAI,2025-06-26 03:07:00.877
LGEN_2024-06-24,2024-06-24,LGEN.L,2,2024-06-26,227.30177,765.92,-0.7417095,-0.27473488,-0.4669746,-1.2586819,-0.76956993,-0.48911193,false,^FTAI,2025-06-26 03:07:00.88
LGEN_2024-06-24,2024-06-24,LGEN.L,3,2024-06-27,226.10283,764.47,-0.52746797,-0.1893164,-0.33815157,-1.7795107,-0.9574294,-0.82208127,false,^FTAI,2025-06-26 03:07:00.882
LGEN_2024-06-24,2024-06-24,LGEN.L,4,2024-06-28,226.80222,764.38,0.30932236,-0.011768391,0.32109076,-1.4756927,-0.96908516,-0.50660765,true,^FTAI,2025-06-26 03:07:00.884
LGEN_2024-06-24,2024-06-24,LGEN.L,5,2024-07-01,228.70055,765.18,0.8369983,0.10465839,0.7323399,-0.651046,-0.86544096,0.21439499,true,^FTAI,2025-06-26 03:07:00.885
LGEN_2024-06-24,2024-06-24,LGEN.L,6,2024-07-02,226.60239,764.37,-0.91742665,-0.10585713,-0.8115695,-1.5624998,-0.970382,-0.5921178,false,^FTAI,2025-06-26 03:07:00.887
LGEN_2024-06-24,2024-06-24,LGEN.L,7,2024-07-03,230.5989,770.12,1.7636712,0.7522535,1.0114177,0.17361404,-0.22542822,0.39904225,true,^FTAI,2025-06-26 03:07:00.888
LGEN_2024-06-24,2024-06-24,LGEN.L,8,2024-07-04,233.19662,769.42,1.126509,-0.09089651,1.2174054,1.3020787,-0.31611982,1.6181985,true,^FTAI,2025-06-26 03:07:00.89
LGEN_2024-06-24,2024-06-24,LGEN.L,9,2024-07-05,232.0976,774.39,-0.4712888,0.64594525,-1.117234,0.8246534,0.32778347,0.49686995,false,^FTAI,2025-06-26 03:07:00.892
LGEN_2024-06-24,2024-06-24,LGEN.L,10,2024-07-08,231.19838,775.16,-0.38742998,0.09942774,-0.48685774,0.43402845,0.4275371,0.0064913575,false,^FTAI,2025-06-26 03:07:00.893
HWDN_2024-07-23,2024-07-23,HWDN.L,1,2024-07-24,947.2222,776.64,1.3368987,-0.45246142,1.78936,1.3368987,-0.45246142,1.78936,true,^FTAI,2025-06-26 05:19:53.418
HWDN_2024-07-23,2024-07-23,HWDN.L,2,2024-07-25,911.7326,773.03,-3.746705,-0.46482092,-3.2818842,-2.459896,-0.91517925,-1.544717,false,^FTAI,2025-06-26 05:19:53.424
HWDN_2024-07-23,2024-07-23,HWDN.L,3,2024-07-26,939.72437,779.67,3.070172,0.85895157,2.2112205,0.5347529,-0.0640886,0.59884155,true,^FTAI,2025-06-26 05:19:53.426
HWDN_2024-07-23,2024-07-23,HWDN.L,4,2024-07-29,942.7236,777.32,0.3191581,-0.30140644,0.6205646,0.85561776,-0.36530188,1.2209196,true,^FTAI,2025-06-26 05:19:53.427
HWDN_2024-07-23,2024-07-23,HWDN.L,5,2024-07-30,939.22455,778.16,-0.37116113,0.108059205,-0.47922033,0.4812809,-0.2576374,0.7389183,false,^FTAI,2025-06-26 05:19:53.429
HWDN_2024-07-23,2024-07-23,HWDN.L,6,2024-07-31,940.22424,787.02,0.10643832,1.1385894,-1.032151,0.5882315,0.8780185,-0.289787,false,^FTAI,2025-06-26 05:19:53.43
HWDN_2024-07-23,2024-07-23,HWDN.L,7,2024-08-01,929.72736,783.08,-1.1164238,-0.5006229,-0.6158009,-0.53475946,0.37300003,-0.9077595,false,^FTAI,2025-06-26 05:19:53.432
HWDN_2024-07-23,2024-07-23,HWDN.L,8,2024-08-02,885.2404,771.27,-4.7849445,-1.508147,-3.2767975,-5.294116,-1.1407723,-4.1533437,false,^FTAI,2025-06-26 05:19:53.433
HWDN_2024-07-23,2024-07-23,HWDN.L,9,2024-08-05,871.7444,748.62,-1.5245613,-2.9367177,1.4121566,-6.737965,-4.0439887,-2.6939764,true,^FTAI,2025-06-26 05:19:53.435
HWDN_2024-07-23,2024-07-23,HWDN.L,10,2024-08-06,858.2483,759.67,-1.548171,1.4760476,-3.0242186,-8.181821,-2.6276324,-5.5541887,false,^FTAI,2025-06-26 05:19:53.436
LGEN_2025-03-21,2025-03-21,LGEN.L,1,2025-03-24,243.15117,689.12,0.7870803,0.0,0.7870803,0.7870803,0.0,0.7870803,true,^FTAI,2025-06-26 05:40:23.568
LGEN_2025-03-21,2025-03-21,LGEN.L,2,2025-03-25,242.7514,693.44,-0.16441007,0.62688756,-0.7912976,0.6213762,0.62688756,-0.00551134,false,^FTAI,2025-06-26 05:40:23.577
LGEN_2025-03-21,2025-03-21,LGEN.L,3,2025-03-26,244.15056,693.81,0.57637346,0.053356472,0.523017,1.2013311,0.6805785,0.5207526,true,^FTAI,2025-06-26 05:40:23.579
LGEN_2025-03-21,2025-03-21,LGEN.L,4,2025-03-27,243.7508,696.76,-0.16373709,0.4251902,-0.5889273,1.035627,1.1086625,-0.07303547,false,^FTAI,2025-06-26 05:40:23.581
LGEN_2025-03-21,2025-03-21,LGEN.L,5,2025-03-28,243.7508,696.62,0.0,-0.020095104,0.020095104,1.035627,1.0883446,-0.052717578,true,^FTAI,2025-06-26 05:40:23.583
LGEN_2025-03-21,2025-03-21,LGEN.L,6,2025-03-31,242.65147,681.99,-0.45100138,-2.1001413,1.64914,0.5799549,-1.0346537,1.6146085,true,^FTAI,2025-06-26 05:40:23.586
LGEN_2025-03-21,2025-03-21,LGEN.L,7,2025-04-01,244.35043,688.38,0.70016444,0.93696606,-0.2368016,1.28418,-0.10738191,1.3915619,false,^FTAI,2025-06-26 05:40:23.588
LGEN_2025-03-21,2025-03-21,LGEN.L,8,2025-04-02,244.35043,685.77,0.0,-0.37914893,0.37914893,1.28418,-0.48612368,1.7703037,true,^FTAI,2025-06-26 05:40:23.59
LGEN_2025-03-21,2025-03-21,LGEN.L,9,2025-04-03,237.15485,667.67,-2.9447818,-2.6393743,-0.30540767,-1.6984181,-3.1126673,1.4142491,false,^FTAI,2025-06-26 05:40:23.592
LGEN_2025-03-21,2025-03-21,LGEN.L,10,2025-04-04,222.36389,640.54,-6.236834,-4.0633855,-2.1734488,-7.8293247,-7.049573,-0.77975184,false,^FTAI,2025-06-26 05:40:23.594
DGE_2024-07-30,2024-07-30,DGE.L,1,2024-07-31,2418.198,787.02,0.041370213,1.1385894,-1.0972191,0.041370213,1.1385894,-1.0972191,false,^FTAI,2025-06-26 12:08:33.182
DGE_2024-07-30,2024-07-30,DGE.L,2,2024-08-01,2399.204,783.08,-0.78545666,-0.5006229,-0.28483373,-0.74441135,0.6322664,-1.3766778,false,^FTAI,2025-06-26 12:08:33.187
DGE_2024-07-30,2024-07-30,DGE.L,3,2024-08-02,2379.211,771.27,-0.83332485,-1.508147,0.6748221,-1.5715328,-0.8854161,-0.68611676,true,^FTAI,2025-06-26 12:08:33.189
DGE_2024-07-30,2024-07-30,DGE.L,4,2024-08-05,2358.2178,748.62,-0.88235825,-2.9367177,2.0543597,-2.4400246,-3.7961318,1.3561072,true,^FTAI,2025-06-26 12:08:33.19
DGE_2024-07-30,2024-07-30,DGE.L,5,2024-08-06,2367.2148,759.67,0.3815199,1.4760476,-1.0945277,-2.0678139,-2.3761168,0.30830303,false,^FTAI,2025-06-26 12:08:33.192
DGE_2024-07-30,2024-07-30,DGE.L,6,2024-08-07,2405.2021,767.32,1.6047257,1.0070194,0.59770626,-0.49627087,-1.3930254,0.8967545,true,^FTAI,2025-06-26 12:08:33.194
DGE_2024-07-30,2024-07-30,DGE.L,7,2024-08-08,2403.203,765.21,-0.08312264,-0.27498114,0.1918585,-0.578981,-1.664176,1.085195,true,^FTAI,2025-06-26 12:08:33.195
DGE_2024-07-30,2024-07-30,DGE.L,8,2024-08-09,2425.6953,766.24,0.9359356,0.13459942,0.80133617,0.35153574,-1.5318165,1.8833523,true,^FTAI,2025-06-26 12:08:33.197
DGE_2024-07-30,2024-07-30,DGE.L,9,2024-08-12,2450.687,766.99,1.0302901,0.09788056,0.9324096,1.3854477,-1.4354353,2.820883,true,^FTAI,2025-06-26 12:08:33.198
DGE_2024-07-30,2024-07-30,DGE.L,10,2024-08-13,2466.182,767.98,0.6322665,0.12907472,0.50319177,2.026474,-1.3082134,3.3346872,true,^FTAI,2025-06-26 12:08:33.2
MSLH_2025-03-20,2025-03-20,MSLH.L,1,2025-03-21,244.95215,689.12,0.0,-0.9657438,0.9657438,0.0,-0.9657438,0.9657438,true,^FTAI,2025-06-26 12:30:05.616
MSLH_2025-03-20,2025-03-20,MSLH.L,2,2025-03-24,246.95175,689.12,0.81632406,0.0,0.81632406,0.81632406,-0.9657438,1.7820678,true,^FTAI,2025-06-26 12:30:05.62
MSLH_2025-03-20,2025-03-20,MSLH.L,3,2025-03-25,245.95195,693.44,-0.40485707,0.62688756,-1.0317446,0.40816203,-0.34491038,0.7530724,false,^FTAI,2025-06-26 12:30:05.621
MSLH_2025-03-20,2025-03-20,MSLH.L,4,2025-03-26,246.45186,693.81,0.20325452,0.053356472,0.14989805,0.61224616,-0.29173794,0.90398407,true,^FTAI,2025-06-26 12:30:05.623
MSLH_2025-03-20,2025-03-20,MSLH.L,5,2025-03-27,247.95155,696.76,0.6085143,0.4251902,0.1833241,1.2244861,0.13221183,1.0922742,true,^FTAI,2025-06-26 12:30:05.625
MSLH_2025-03-20,2025-03-20,MSLH.L,6,2025-03-28,248.45146,696.62,0.20161538,-0.020095104,0.22171047,1.4285702,0.11209017,1.31648,true,^FTAI,2025-06-26 12:30:05.626
MSLH_2025-03-20,2025-03-20,MSLH.L,7,2025-03-31,244.95215,681.99,-1.4084495,-2.1001413,0.6916919,0.0,-1.9904053,1.9904053,true,^FTAI,2025-06-26 12:30:05.628
MSLH_2025-03-20,2025-03-20,MSLH.L,8,2025-04-01,248.95137,688.38,1.6326543,0.93696606,0.69568825,1.6326543,-1.0720886,2.704743,true,^FTAI,2025-06-26 12:30:05.629
MSLH_2025-03-20,2025-03-20,MSLH.L,9,2025-04-02,249.45126,685.77,0.20079954,-0.37914893,0.5799484,1.8367321,-1.4471728,3.283905,true,^FTAI,2025-06-26 12:30:05.631
MSLH_2025-03-20,2025-03-20,MSLH.L,10,2025-04-03,245.45204,667.67,-1.6032077,-2.6393743,1.0361664,0.2040779,-4.048351,4.2524285,true,^FTAI,2025-06-26 12:30:05.632
MSLH_2025-03-17,2025-03-17,MSLH.L,1,2025-03-18,238.95332,694.28,0.8438857,0.77217937,0.07170635,0.8438857,0.77217937,0.07170635,true,^FTAI,2025-06-26 12:30:54.068
MSLH_2025-03-17,2025-03-17,MSLH.L,2,2025-03-19,246.95175,694.62,3.3472764,0.048966672,3.2983098,4.2194095,0.8215242,3.3978853,true,^FTAI,2025-06-26 12:30:54.071
MSLH_2025-03-17,2025-03-17,MSLH.L,3,2025-03-20,244.95215,695.84,-0.80971414,0.17564017,-0.9853543,3.37553,0.9986073,2.3769228,false,^FTAI,2025-06-26 12:30:54.073
MSLH_2025-03-17,2025-03-17,MSLH.L,4,2025-03-21,244.95215,689.12,0.0,-0.9657438,0.9657438,3.37553,0.02321951,3.3523107,true,^FTAI,2025-06-26 12:30:54.074
MSLH_2025-03-17,2025-03-17,MSLH.L,5,2025-03-24,246.95175,689.12,0.81632406,0.0,0.81632406,4.2194095,0.02321951,4.19619,true,^FTAI,2025-06-26 12:30:54.076
MSLH_2025-03-17,2025-03-17,MSLH.L,6,2025-03-25,245.95195,693.44,-0.40485707,0.62688756,-1.0317446,3.7974699,0.6502526,3.147217,false,^FTAI,2025-06-26 12:30:54.078
MSLH_2025-03-17,2025-03-17,MSLH.L,7,2025-03-26,246.45186,693.81,0.20325452,0.053356472,0.14989805,4.008443,0.703956,3.3044868,true,^FTAI,2025-06-26 12:30:54.08
MSLH_2025-03-17,2025-03-17,MSLH.L,8,2025-03-27,247.95155,696.76,0.6085143,0.4251902,0.1833241,4.641349,1.1321394,3.5092096,true,^FTAI,2025-06-26 12:30:54.081
MSLH_2025-03-17,2025-03-17,MSLH.L,9,2025-03-28,248.45146,696.62,0.20161538,-0.020095104,0.22171047,4.852322,1.1118168,3.7405052,true,^FTAI,2025-06-26 12:30:54.083
MSLH_2025-03-17,2025-03-17,MSLH.L,10,2025-03-31,244.95215,681.99,-1.4084495,-2.1001413,0.6916919,3.37553,-1.0116743,4.3872046,true,^FTAI,2025-06-26 12:30:54.084
KZG_2024-06-28,2024-06-28,KZG.L,1,2024-07-01,0.45,765.18,5.882347,0.10465839,5.777689,5.882347,0.10465839,5.777689,true,^FTAI,2025-06-26 12:49:47.672
KZG_2024-06-28,2024-06-28,KZG.L,2,2024-07-02,0.425,764.37,-5.5555506,-0.10585713,-5.449693,0.0,-0.0013095274,0.0013095274,false,^FTAI,2025-06-26 12:49:47.675
KZG_2024-06-28,2024-06-28,KZG.L,3,2024-07-03,0.425,770.12,0.0,0.7522535,-0.7522535,0.0,0.7509341,-0.7509341,false,^FTAI,2025-06-26 12:49:47.678
KZG_2024-06-28,2024-06-28,KZG.L,4,2024-07-04,0.425,769.42,0.0,-0.09089651,0.09089651,0.0,0.65935504,-0.65935504,true,^FTAI,2025-06-26 12:49:47.679
KZG_2024-06-28,2024-06-28,KZG.L,5,2024-07-05,0.425,774.39,0.0,0.64594525,-0.64594525,0.0,1.3095593,-1.3095593,false,^FTAI,2025-06-26 12:49:47.681
KZG_2024-06-28,2024-06-28,KZG.L,6,2024-07-08,0.425,775.16,0.0,0.09942774,-0.09942774,0.0,1.4102892,-1.4102892,false,^FTAI,2025-06-26 12:49:47.682
KZG_2024-06-28,2024-06-28,KZG.L,7,2024-07-09,0.425,771.94,0.0,-0.41539434,0.41539434,0.0,0.98903656,-0.98903656,true,^FTAI,2025-06-26 12:49:47.684
KZG_2024-06-28,2024-06-28,KZG.L,8,2024-07-10,0.425,772.85,0.0,0.11788133,-0.11788133,0.0,1.1080837,-1.1080837,false,^FTAI,2025-06-26 12:49:47.685
KZG_2024-06-28,2024-06-28,KZG.L,9,2024-07-11,0.425,781.53,0.0,1.1231227,-1.1231227,0.0,2.2436516,-2.2436516,false,^FTAI,2025-06-26 12:49:47.687
KZG_2024-06-28,2024-06-28,KZG.L,10,2024-07-12,0.425,786.17,0.0,0.59370124,-0.59370124,0.0,2.8506734,-2.8506734,false,^FTAI,2025-06-26 12:49:47.688
SSPG_2025-03-10,2025-03-10,SSPG.L,1,2025-03-11,162.08669,678.49,0.74580735,-0.60648,1.3522874,0.74580735,-0.60648,1.3522874,true,^FTAI,2025-06-26 13:00:50.77
SSPG_2025-03-10,2025-03-10,SSPG.L,2,2025-03-12,157.98703,680.92,-2.5292978,0.35814717,-2.887445,-1.8023543,-0.25050494,-1.5518494,false,^FTAI,2025-06-26 13:00:50.774
SSPG_2025-03-10,2025-03-10,SSPG.L,3,2025-03-13,154.98727,679.46,-1.8987355,-0.21441005,-1.6843255,-3.666868,-0.4643779,-3.2024899,false,^FTAI,2025-06-26 13:00:50.776
SSPG_2025-03-10,2025-03-10,SSPG.L,4,2025-03-14,157.88702,687.74,1.8709599,1.21861,0.6523498,-1.8645136,0.7485732,-2.6130867,true,^FTAI,2025-06-26 13:00:50.778
SSPG_2025-03-10,2025-03-10,SSPG.L,5,2025-03-17,158.98694,688.96,0.6966466,0.17739724,0.5192493,-1.1808561,0.92729837,-2.1081545,true,^FTAI,2025-06-26 13:00:50.78
SSPG_2025-03-10,2025-03-10,SSPG.L,6,2025-03-18,157.48706,694.28,-0.9433969,0.77217937,-1.7155763,-2.113113,1.7066382,-3.819751,false,^FTAI,2025-06-26 13:00:50.781
SSPG_2025-03-10,2025-03-10,SSPG.L,7,2025-03-19,159.68687,694.62,1.396822,0.048966672,1.3478553,-0.74580735,1.7564405,-2.5022478,true,^FTAI,2025-06-26 13:00:50.783
SSPG_2025-03-10,2025-03-10,SSPG.L,8,2025-03-20,154.7873,695.84,-3.0682433,0.17564017,-3.2438836,-3.7911675,1.9351658,-5.726333,false,^FTAI,2025-06-26 13:00:50.784
SSPG_2025-03-10,2025-03-10,SSPG.L,9,2025-03-21,150.38763,689.12,-2.8423898,-0.9657438,-1.876646,-6.5257974,0.95073324,-7.4765306,false,^FTAI,2025-06-26 13:00:50.786
SSPG_2025-03-10,2025-03-10,SSPG.L,10,2025-03-24,151.48756,689.12,0.73139644,0.0,0.73139644,-5.8421307,0.95073324,-6.792864,true,^FTAI,2025-06-26 13:00:50.787
HWDN_2024-08-12,2024-08-12,HWDN.L,1,2024-08-13,879.2421,767.98,0.0,0.12907472,-0.12907472,0.0,0.12907472,-0.12907472,false,^FTAI,2025-06-26 13:09:59.458
HWDN_2024-08-12,2024-08-12,HWDN.L,2,2024-08-14,894.23773,771.51,1.7055149,0.4596512,1.2458637,1.7055149,0.5893192,1.1161957,true,^FTAI,2025-06-26 13:09:59.463
HWDN_2024-08-12,2024-08-12,HWDN.L,3,2024-08-15,906.7341,774.79,1.3974291,0.42513618,0.97229284,3.1267774,1.0169609,2.1098166,true,^FTAI,2025-06-26 13:09:59.465
HWDN_2024-08-12,2024-08-12,HWDN.L,4,2024-08-16,907.23395,774.27,0.0551295,-0.06710961,0.122239105,3.1836307,0.94916874,2.2344618,true,^FTAI,2025-06-26 13:09:59.467
HWDN_2024-08-12,2024-08-12,HWDN.L,5,2024-08-19,906.23425,776.59,-0.11019152,0.299638,-0.40982953,3.069931,1.2516508,1.8182801,false,^FTAI,2025-06-26 13:09:59.469
HWDN_2024-08-12,2024-08-12,HWDN.L,6,2024-08-20,905.2345,774.04,-0.11031981,-0.32836488,0.21804507,2.9562244,0.919176,2.0370483,true,^FTAI,2025-06-26 13:09:59.47
HWDN_2024-08-12,2024-08-12,HWDN.L,7,2024-08-21,913.2322,776.81,0.8834927,0.35786518,0.5256275,3.8658352,1.2803305,2.5855045,true,^FTAI,2025-06-26 13:09:59.472
HWDN_2024-08-12,2024-08-12,HWDN.L,8,2024-08-22,918.2307,774.73,0.5473455,-0.26776394,0.81510943,4.43434,1.0091383,3.4252017,true,^FTAI,2025-06-26 13:09:59.474
HWDN_2024-08-12,2024-08-12,HWDN.L,9,2024-08-23,942.2237,777.69,2.6129577,0.38207144,2.2308865,7.1631656,1.3950654,5.7681,true,^FTAI,2025-06-26 13:09:59.475
HWDN_2024-08-12,2024-08-12,HWDN.L,10,2024-08-27,932.2266,779.18,-1.0610082,0.1915918,-1.2526,6.0261555,1.5893301,4.4368253,false,^FTAI,2025-06-26 13:09:59.477
BLND_2025-04-22,2025-04-22,BLND.L,1,2025-04-23,383.2971,676.48,-0.26014405,0.6981352,-0.9582793,-0.26014405,0.6981352,-0.9582793,false,^FTAI,2025-06-26 14:34:34.883
BLND_2025-04-22,2025-04-22,BLND.L,2,2025-04-24,383.89694,669.78,0.15649833,-0.9904138,1.1469121,-0.10405286,-0.29919302,0.19514017,true,^FTAI,2025-06-26 14:34:34.887
BLND_2025-04-22,2025-04-22,BLND.L,3,2025-04-25,384.2968,672.85,0.10416124,0.45835143,-0.35419017,0.0,0.15778704,-0.15778704,false,^FTAI,2025-06-26 14:34:34.889
BLND_2025-04-22,2025-04-22,BLND.L,4,2025-04-28,386.49625,675.75,0.5723265,0.4310061,0.14132036,0.5723265,0.5894732,-0.017146748,true,^FTAI,2025-06-26 14:34:34.891
BLND_2025-04-22,2025-04-22,BLND.L,5,2025-04-29,389.69537,681.31,0.8277253,0.82278913,0.004936164,1.4047891,1.4171125,-0.012323415,true,^FTAI,2025-06-26 14:34:34.892
BLND_2025-04-22,2025-04-22,BLND.L,6,2025-04-30,393.2944,690.72,0.9235495,1.3811588,-0.45760936,2.3413124,2.817844,-0.47653142,false,^FTAI,2025-06-26 14:34:34.894
BLND_2025-04-22,2025-04-22,BLND.L,7,2025-05-01,400.89236,699.98,1.9318763,1.3406315,0.59124476,4.31842,4.1962523,0.122167714,true,^FTAI,2025-06-26 14:34:34.896
BLND_2025-04-22,2025-04-22,BLND.L,8,2025-05-02,399.2928,707.75,-0.39900458,1.1100346,-1.5090392,3.9021847,5.3528666,-1.4506819,false,^FTAI,2025-06-26 14:34:34.897
BLND_2025-04-22,2025-04-22,BLND.L,9,2025-05-06,402.69186,710.34,0.85127467,0.36595222,0.48532245,4.786678,5.7384076,-0.95173013,true,^FTAI,2025-06-26 14:34:34.898
BLND_2025-04-22,2025-04-22,BLND.L,10,2025-05-07,400.29254,713.26,-0.59582096,0.41106832,-1.0068893,4.162337,6.173065,-2.0107281,false,^FTAI,2025-06-26 14:34:34.9
BLND_2025-03-21,2025-03-21,BLND.L,1,2025-03-24,359.90338,689.12,-2.5973997,0.0,-2.5973997,-2.5973997,0.0,-2.5973997,false,^FTAI,2025-06-26 14:34:56.115
BLND_2025-03-21,2025-03-21,BLND.L,2,2025-03-25,360.70316,693.44,0.22221914,0.62688756,-0.4046684,-2.3809524,0.62688756,-3.00784,false,^FTAI,2025-06-26 14:34:56.119
BLND_2025-03-21,2025-03-21,BLND.L,3,2025-03-26,365.3019,693.81,1.2749417,0.053356472,1.2215852,-1.1363665,0.6805785,-1.816945,true,^FTAI,2025-06-26 14:34:56.121
BLND_2025-03-21,2025-03-21,BLND.L,4,2025-03-27,361.90283,696.76,-0.9304847,0.4251902,-1.3556749,-2.0562775,1.1086625,-3.1649399,false,^FTAI,2025-06-26 14:34:56.123
BLND_2025-03-21,2025-03-21,BLND.L,5,2025-03-28,374.2995,696.62,3.4254131,-0.020095104,3.4455082,1.2986999,1.0883446,0.21035524,true,^FTAI,2025-06-26 14:34:56.125
BLND_2025-03-21,2025-03-21,BLND.L,6,2025-03-31,369.30084,681.99,-1.33547,-2.1001413,0.7646715,-0.05411387,-1.0346537,0.98053974,true,^FTAI,2025-06-26 14:34:56.126
BLND_2025-03-21,2025-03-21,BLND.L,7,2025-04-01,373.49973,688.38,1.1369817,0.93696606,0.20001566,1.0822526,-0.10738191,1.1896344,true,^FTAI,2025-06-26 14:34:56.128
BLND_2025-03-21,2025-03-21,BLND.L,8,2025-04-02,375.29922,685.77,0.48179406,-0.37914893,0.86094296,1.5692608,-0.48612368,2.0553846,true,^FTAI,2025-06-26 14:34:56.129
BLND_2025-03-21,2025-03-21,BLND.L,9,2025-04-03,380.29788,667.67,1.3319125,-2.6393743,3.9712865,2.9220746,-3.1126673,6.034742,true,^FTAI,2025-06-26 14:34:56.131
BLND_2025-03-21,2025-03-21,BLND.L,10,2025-04-04,359.50348,640.54,-5.467925,-4.0633855,-1.4045396,-2.7056274,-7.049573,4.3439455,false,^FTAI,2025-06-26 14:34:56.132
WTB_2025-01-06,2025-01-06,WTB.L,1,2025-01-07,2936.3796,725.28,-0.84402126,-0.50346154,-0.34055975,-0.84402126,-0.50346154,-0.34055975,false,^FTAI,2025-06-26 15:21:32.528
WTB_2025-01-06,2025-01-06,WTB.L,2,2025-01-08,2904.3862,720.11,-1.0895529,-0.7128342,-0.37671867,-1.924378,-1.2127069,-0.71167123,false,^FTAI,2025-06-26 15:21:32.533
WTB_2025-01-06,2025-01-06,WTB.L,3,2025-01-09,2899.3875,719.96,-0.17211138,-0.020825066,-0.15128632,-2.0931773,-1.2332793,-0.859898,false,^FTAI,2025-06-26 15:21:32.535
WTB_2025-01-06,2025-01-06,WTB.L,4,2025-01-10,2861.3955,713.38,-1.3103437,-0.913942,-0.3964018,-3.3760934,-2.1359499,-1.2401434,false,^FTAI,2025-06-26 15:21:32.536
WTB_2025-01-06,2025-01-06,WTB.L,5,2025-01-13,2864.3948,709.39,0.10481835,-0.5593078,0.66412616,-3.2748137,-2.6833112,-0.59150255,true,^FTAI,2025-06-26 15:21:32.538
WTB_2025-01-06,2025-01-06,WTB.L,6,2025-01-14,2843.3992,707.81,-0.73298573,-0.22272897,-0.51025677,-3.9837956,-2.9000638,-1.0837319,false,^FTAI,2025-06-26 15:21:32.539
WTB_2025-01-06,2025-01-06,WTB.L,7,2025-01-15,2971.3723,714.53,4.50071,0.9494118,3.551298,0.3376151,-1.9781854,2.3158004,true,^FTAI,2025-06-26 15:21:32.541
WTB_2025-01-06,2025-01-06,WTB.L,8,2025-01-16,2900.3872,717.31,-2.388967,0.3890625,-2.7780297,-2.0594175,-1.5968193,-0.4625982,false,^FTAI,2025-06-26 15:21:32.542
WTB_2025-01-06,2025-01-06,WTB.L,9,2025-01-17,2917.3835,719.07,0.58600235,0.2453625,0.34063986,-1.4854834,-1.3553748,-0.13010857,true,^FTAI,2025-06-26 15:21:32.544
WTB_2025-01-06,2025-01-06,WTB.L,10,2025-01-20,2903.3865,718.29,-0.47978163,-0.10847752,-0.37130412,-1.958138,-1.4623821,-0.49575588,false,^FTAI,2025-06-26 15:21:32.545
